city,price,num_restaurants,median_household_income,mean_household_income,per_capita_income,median_bucket,mean_bucket
Andover,1.0,3,100321,111230,40182,5,5
Ansonia,2.0,12,43305,62858,24359,2,3
Ashford,1.5,4,77870,95339,39139,4,4
Avon,2.1,30,123894,172245,66822,5,5
Barkhamsted,1.0,2,95735,102210,40156,4,5
Beacon Falls,2.0,4,83155,94002,37736,4,4
Berlin,1.7777777777777777,18,87810,104448,40865,4,5
Bethany,1.6666666666666667,3,97254,112461,42397,4,5
Bethel,1.818181818181818,33,92125,113515,43569,4,5
Bethlehem,2.0,5,84306,114218,43516,4,5
Bloomfield,1.75,12,72762,91501,39155,3,4
Bolton,1.6,5,97019,120635,49199,4,5
Bozrah,1.6666666666666667,3,77045,88628,34778,4,4
Branford,2.057142857142857,35,71938,97243,44043,3,4
Bridgeport,1.7361111111111112,72,41801,56565,21002,2,3
Bridgewater,2.0,1,98424,145879,66035,4,5
Bristol,1.6428571428571428,42,61478,74762,31709,3,3
Brookfield,1.55,20,112684,133819,47633,5,5
Brooklyn,1.5555555555555556,9,60694,74756,27244,3,3
Burlington,1.8,5,113472,131895,47339,5,5
Canaan,1.25,8,72321,90077,42222,3,4
Canterbury,1.5,2,83862,87707,33135,4,4
Canton,1.7222222222222223,18,87326,120304,47497,4,5
Chaplin,1.0,1,67054,80759,31326,3,4
Cheshire,1.818181818181818,11,106489,126359,44280,5,5
Chester,2.272727272727273,11,78750,94053,40730,4,4
Clinton,2.0,11,71455,90436,36954,3,4
Colchester,1.5909090909090908,22,97313,105512,38599,4,5
Colebrook,1.0,1,81172,92338,34330,4,4
Columbia,1.3333333333333333,3,89986,103555,39947,4,5
Coventry,1.5555555555555556,9,90309,106537,39552,4,5
Cromwell,1.7692307692307692,13,82081,101902,40905,4,5
Danbury,1.8172043010752688,93,66676,85620,31284,3,4
Darien,2.0869565217391304,23,208906,313277,96767,6,6
Deep River,1.5714285714285714,7,69395,102653,43294,3,5
Derby,1.9333333333333331,15,51596,63666,26119,3,3
Durham,1.5714285714285714,7,113152,136223,48570,5,5
East Granby,1.375,8,72684,91342,38544,3,4
East Haddam,2.0,7,82117,103376,39877,4,5
East Hampton,1.7333333333333334,15,96299,109137,42259,4,5
East Hartford,1.5555555555555556,27,48369,60216,24961,2,3
East Haven,1.9285714285714288,14,63120,78485,31781,3,4
East Lyme,1.8333333333333333,12,84029,104053,41161,4,5
East Windsor,1.6,25,74798,84660,34623,3,4
Eastford,2.0,1,78466,90672,35011,4,4
Easton,1.5,2,131189,163115,58532,5,5
Ellington,1.75,8,85545,106457,43323,4,5
Enfield,1.59375,32,67377,79354,30116,3,4
Essex,1.8,10,86376,117332,53427,4,5
Fairfield,2.0888888888888895,45,122306,176523,60155,5,5
Farmington,1.7692307692307692,26,91712,128110,52341,4,5
Glastonbury,1.8695652173913044,23,109018,151010,57709,5,5
Goshen,1.5,2,92361,98147,39089,4,4
Granby,1.75,16,102671,139097,52984,5,5
Greenwich,2.2444444444444445,45,128153,250125,90087,5,6
Griswold,1.5,2,59153,81356,30814,3,4
Groton,1.8333333333333333,30,62137,82460,35638,3,4
Guilford,2.0,21,99132,131356,52071,4,5
Haddam,2.0,5,99866,115800,46119,4,5
Hamden,1.6896551724137931,29,70791,89351,34907,3,4
Hartford,1.6769230769230767,130,30630,44434,17311,2,2
Hartland,2.0,1,91964,104018,36787,4,5
Harwinton,1.5,4,91875,123100,45301,4,5
Hebron,1.75,8,105104,124039,43632,5,5
Kent,2.0,8,60714,84455,34015,3,4
Killingly,1.0,2,55764,65445,27210,3,3
Killingworth,1.6666666666666667,3,112137,126235,48537,5,5
Lebanon,2.0,1,89375,96688,35798,4,4
Ledyard,1.5,10,84825,99378,38344,4,4
Lisbon,1.6666666666666667,3,81200,95576,35711,4,4
Litchfield,2.142857142857143,21,82361,107893,45766,4,5
Madison,1.95,20,107183,139395,52413,5,5
Manchester,1.7758620689655171,58,63158,77924,33154,3,4
Mansfield,1.6470588235294117,17,60263,83494,19613,3,4
Marlborough,1.7142857142857142,7,108698,125525,44991,5,5
Meriden,1.631578947368421,19,54588,66954,28601,3,3
Middlebury,2.0,10,97756,120844,44074,4,5
Middlefield,2.0,5,102426,108443,43369,5,5
Middletown,1.9577464788732395,71,63691,83645,34992,3,4
Milford,2.0,33,80247,98262,40616,4,4
Monroe,1.88,25,110558,142503,48998,5,5
Montville,1.4,5,70036,81368,29689,3,4
Morris,2.6,5,83750,117639,46999,4,5
Naugatuck,1.7647058823529411,17,58078,81615,32241,3,4
New Britain,1.5142857142857142,35,40457,53246,21470,2,3
New Canaan,2.142857142857143,21,168311,309243,105846,5,6
New Fairfield,2.0,8,101273,124667,43622,5,5
New Hartford,1.5,8,87596,94784,36769,4,4
New Haven,1.9891304347826089,92,37192,57499,23527,2,3
New London,1.868421052631579,38,36250,50577,21736,2,3
New Milford,1.7647058823529411,34,78343,101293,39331,4,5
Newington,1.6129032258064515,31,79960,89963,38192,4,4
Newtown,1.8333333333333333,36,111022,137886,48744,5,5
Norfolk,1.75,4,72875,104561,45462,3,5
North Branford,1.818181818181818,11,84697,106584,41661,4,5
North Haven,1.9166666666666667,24,86340,103094,38137,4,5
North Stonington,1.5,4,75954,89888,33841,4,4
Norwalk,2.05,100,76987,108184,43570,4,5
Norwich,1.6181818181818182,55,50078,65163,26823,3,3
Old Lyme,2.0,7,87025,110147,46429,4,5
Old Saybrook,2.24,25,71796,103397,44293,3,5
Orange,2.066666666666667,15,107047,138121,49776,5,5
Oxford,1.6923076923076923,13,97296,113467,39438,4,5
Plainfield,1.5,12,60673,69978,27137,3,3
Plainville,1.7307692307692308,26,58500,72585,31306,3,3
Plymouth,1.25,4,70167,78402,31511,3,4
Pomfret,1.5,4,91053,109833,40380,4,5
Portland,1.5714285714285714,7,90417,109228,45534,4,5
Preston,2.0,2,69275,82895,34231,3,4
Prospect,2.0,8,102397,111627,39229,5,5
Putnam,1.608695652173913,23,51621,60455,25888,3,3
Redding,2.0,4,121270,158316,61043,5,5
Ridgefield,2.25,20,145902,211227,75634,5,6
Rocky Hill,1.9615384615384612,26,81576,103285,42252,4,5
Salem,1.25,4,105326,114879,41667,5,5
Salisbury,3.0,1,82794,128590,53332,4,5
Seymour,1.5925925925925926,27,76991,89225,33917,4,4
Sharon,2.0,2,74625,122029,57523,3,5
Shelton,2.2,25,86870,109160,42417,4,5
Sherman,2.0,1,108398,162148,63914,5,5
Simsbury,1.9411764705882355,34,113355,142974,53329,5,5
Somers,1.5714285714285714,7,95605,108124,33792,4,5
South Windsor,1.870967741935484,31,97389,119936,45100,4,5
Southbury,1.8148148148148149,27,84058,105604,42350,4,5
Southington,2.0,34,82704,99831,39808,4,4
Stafford,2.0,2,62371,75034,30952,3,4
Stamford,2.090909090909091,99,79359,125112,47819,4,5
Sterling,1.5,2,72220,80996,26809,3,4
Stonington,1.9,10,77295,101846,43749,4,5
Stratford,1.851851851851852,27,66886,84160,34467,3,4
Suffield,2.0,7,99707,129915,41104,4,5
Thomaston,1.7692307692307692,13,67191,79589,31576,3,4
Thompson,1.75,4,69924,81605,33643,3,4
Tolland,2.142857142857143,7,110593,129471,45901,5,5
Torrington,1.9,20,56264,67701,29737,3,3
Trumbull,2.2222222222222223,18,111312,135078,46037,5,5
Union,2.0,2,95865,114809,43276,4,5
Vernon,1.875,24,59961,73887,33874,3,3
Voluntown,1.0,1,76012,83258,32006,4,4
Wallingford,1.8285714285714283,35,74060,93035,38067,3,4
Washington,2.6,5,81354,161781,70264,4,5
Waterbury,1.8307692307692307,65,40467,52597,20685,2,3
Waterford,1.9,10,75956,95108,39135,4,4
Watertown,1.7586206896551724,29,78722,98236,36883,4,4
West Hartford,2.0285714285714285,70,86569,123559,49600,4,5
West Haven,1.8,20,50846,67346,26143,3,3
Westbrook,1.8333333333333333,12,78346,116373,48545,4,5
Weston,2.0,2,217171,283202,92794,6,6
Westport,2.327586206896552,58,162907,270222,97395,5,6
Wethersfield,1.7777777777777777,27,77195,93540,38753,4,4
Willington,1.8333333333333333,6,73526,88747,36630,3,4
Wilton,2.0,27,172095,241155,78131,5,6
Winchester,2.0,2,52757,69404,31050,3,3
Windham,1.6666666666666667,3,41398,51366,19783,2,3
Windsor,1.75,32,81982,95282,36322,4,4
Windsor Locks,1.5161290322580645,31,68944,82986,34035,3,4
Wolcott,1.818181818181818,11,80323,95089,34468,4,4
Woodbridge,1.8333333333333333,6,133412,166416,58594,5,5
Woodbury,2.1,20,80350,110669,46853,4,5
Woodstock,1.8,5,78594,89652,35502,4,4
